tweet_id,predicted_sentiment
569950785859145728,negative
569671981852798976,negative
568568690381168640,neutral
570255256589766656,negative
570187940221071360,neutral
570305365159632899,neutral
570016325667557376,neutral
569616839761743872,negative
570067529206358016,negative
569975508756267008,negative
569652266006941698,negative
569608733321498627,positive
570143200935063552,negative
568895188338380801,negative
569857624549625856,negative
570052723409874947,negative
568608982321012736,negative
568532221180534784,negative
569667787829809152,negative
567771077359570944,negative
569007629868998656,negative
569969877286461440,negative
569555517502300160,negative
568061922265804802,negative
567809206314668033,positive
569885015615664129,positive
568191654986792960,positive
568443742610305024,neutral
568582374549807104,negative
568084209656573952,negative
568931924166574080,negative
568417751854931968,negative
568185352441212929,negative
569428644432617473,negative
569590013278756865,negative
568623603496792064,neutral
570270728051765248,negative
570224962184867840,negative
569897003255083008,negative
570268646544510976,negative
569805215605456896,negative
568426007583170560,neutral
569946428547551233,negative
568227390566109184,neutral
569944281512685570,negative
570082564502728704,negative
570285537833168896,negative
567729904788054017,negative
568108522313015296,negative
569676866824642561,negative
568929641756368896,negative
569524522291892226,negative
568123193577177089,neutral
569153142526332930,negative
569919996568215552,positive
567723534344933376,negative
569616283706077184,negative
569908628141920256,negative
570275153860386816,negative
568172398161354752,negative
570047946932101120,negative
569964888870793216,negative
569479404428120064,positive
568166027726434304,positive
569840341899026432,positive
568433759919452160,negative
570258476695302144,positive
569559847131164672,negative
569699437901000706,negative
569981679806365697,positive
569527848131637248,neutral
569402506792407041,negative
569483642931691520,negative
569653423836045312,negative
569618210699513856,negative
567738031398866944,neutral
570286565894828032,negative
568023553548922880,negative
568226026209341441,positive
569993908324663296,positive
568121964444950529,neutral
569577959440257025,neutral
568822919633240064,negative
568457483301339136,negative
569507677501595649,neutral
569666011147821057,negative
567766563533897729,neutral
569611217301450752,neutral
568611364803096577,positive
569894828315533312,negative
567847737061941249,negative
568555022209847296,negative
568637273945866240,negative
569237783715422208,negative
569674883099205632,negative
568183502161743873,negative
568539903979446272,negative
570054360505323520,negative
570159133795741696,neutral
568219452929662976,positive
569968904409214976,negative
568807451249627136,positive
569757774395023360,negative
567727883993358336,negative
569863871030292481,negative
570079290953486338,positive
570014406320517120,neutral
568546414604750848,negative
567907813126582272,negative
568882359409340416,negative
569627079458865153,negative
569628494214225922,negative
569671468369338368,negative
570295637708816384,negative
569285184605986816,negative
568829196962828289,negative
569667324879511552,neutral
569711632991047680,negative
568795875612463104,negative
569352324700708864,negative
569917791228157952,negative
568188595456118785,positive
570066226233417728,neutral
570291219919736832,neutral
568560685568937985,neutral
568144589162287105,negative
568127152450871296,negative
567796029056385024,positive
570229842626478081,negative
569529020892651521,negative
568862907850743808,negative
569944182011379712,neutral
568157857151102976,positive
568118452965085184,positive
570276245960835073,negative
569664265218600960,negative
569886288691773440,negative
570274049118625792,negative
569649820798881792,negative
569847223829307392,negative
567741202884075520,neutral
567830303121870848,neutral
570085487261700096,negative
568216414957408256,negative
570188097305976832,negative
569762463811383297,negative
569571492947742720,negative
569515731022454784,negative
569916606064828416,negative
569759892803756032,negative
568944096687075329,negative
569697298768203776,negative
568423278555086848,positive
569241834670698496,negative
570251560871002112,negative
569838466697175040,negative
569629215869382656,neutral
570277221916647425,negative
569558791433416704,negative
567845089508233217,neutral
568063784318832640,negative
568894423507058688,negative
568168034394873857,negative
567798535262060544,neutral
569646982282612736,positive
569974423903715328,negative
569914848991010816,negative
569824906638073856,negative
569961481455976449,negative
570264474784894976,negative
568188243713372161,negative
569922915472244736,neutral
567737653118779392,positive
568432260912959488,neutral
568361830160175104,positive
570122183072092160,negative
569935818783125504,negative
569677636613439488,negative
568280527305715712,neutral
569923825179054081,neutral
570012789479055360,neutral
567824271234592769,negative
569521778797744128,positive
568112076549451776,positive
570295795985080320,negative
569241467916566530,negative
570307615189835777,negative
569873664612704256,positive
569264912695840768,positive
568123089344733184,neutral
567791389011910656,negative
568090851907207169,negative
569587157574135808,neutral
569596515510956032,negative
569434598825992192,negative
568450407204139008,positive
568554107952177152,negative
570273378403102720,negative
569968886227050496,negative
567734584000135168,negative
568553155937452034,negative
569816739699150849,negative
569678562136956928,neutral
567935142418780161,negative
569960497312768000,neutral
567766329352921088,negative
567848843372601346,negative
567854566122864640,negative
570207886493782019,positive
569671368788172800,negative
569709666625675264,negative
568575417650679808,negative
570226164146397184,neutral
569428333500375040,negative
567918283866898432,negative
569939301301153792,positive
570042828983820288,neutral
569241970662645762,negative
568855390462603264,negative
570279036582109184,positive
570099717314457600,negative
568141110217805824,negative
569934048346251264,neutral
569958916668305408,negative
568826004891832321,negative
569626297116176384,negative
568518985056002049,negative
568518406959312897,negative
567894427244589056,negative
567873801653997569,negative
568240100934426624,negative
567759874403344384,negative
568085308727808000,negative
570257429486706688,negative
569358458404802561,positive
570255201069899776,negative
568465174702772226,negative
568505228062023680,neutral
567595670463205376,negative
569978187465166848,positive
569340341956038657,negative
569851605358669824,negative
569171631756546048,negative
568925583939375104,negative
569504813915832321,negative
569998019694866432,neutral
569328854948573187,neutral
569837685428359168,negative
567896872892899330,negative
569946921265184768,negative
570121321192894464,neutral
569606901325017090,negative
569578439797313536,negative
569878685723049985,neutral
569516370506993664,negative
569942011916259330,negative
567863197341847552,positive
568662554047696896,neutral
568969519252680706,negative
568258333649604608,positive
570267066919313408,negative
570010976608780288,negative
569636003473793024,negative
567803477762797570,negative
569985813712392194,negative
569612307363266560,negative
568825563126865922,negative
569639294152806400,negative
569343579899822081,neutral
569878584967344128,negative
570298744723415040,positive
569558065516822528,negative
567718653735731200,negative
568942133698146306,neutral
569752691460706304,positive
570267956648792064,positive
568902405909143552,negative
568154816414789632,negative
569170897606709250,negative
569444898660691968,negative
568203785996263424,neutral
569967841727942657,neutral
570070483338731520,negative
570023602793238528,negative
569287318898495490,negative
569091378438746112,positive
568808975828955136,negative
569958189862486016,positive
568228761566642176,positive
568540062306181120,negative
567804646157475840,negative
568182492055912449,neutral
568813649336381440,negative
569889475658178560,negative
567843889748418560,negative
569360777926217728,negative
570263732099649537,neutral
569143132756914176,negative
567812370690605056,negative
569219080080658432,negative
570263827033432064,negative
569234924785414145,negative
568505005633880064,negative
568259593773518848,negative
569954475433201665,negative
569721575492194304,negative
568101513605681152,negative
568570219951554560,negative
568562631616942080,positive
569608328998887424,negative
569960080734490624,negative
568034012930936832,negative
568837638611992576,negative
569935951868207104,neutral
570063869596475394,negative
568183277774868480,neutral
567765893355417601,negative
568239330168315905,negative
569524026294571008,negative
568625959835815936,negative
569785074910154752,neutral
569459618881019905,neutral
568037880859222016,negative
569313760864632832,neutral
570206562855329793,positive
568411504497856512,negative
569683804857745409,negative
569644456376340480,positive
568815310016548865,neutral
568824987244584961,negative
570232726206312448,positive
569591285150908416,positive
568972562819997696,positive
568638610385158145,negative
569966422744395776,negative
568165395279929344,negative
570261225520689152,negative
570301488192458752,negative
570287886135918593,neutral
569901979151024129,negative
569969447764566016,negative
569649006986407936,negative
569262702301876224,negative
567851387641597952,negative
569493077368422400,negative
567869544049414145,negative
567793494695157760,negative
567786151370629121,negative
567833231434723328,positive
569382407847211008,negative
569668818253053952,negative
569662789377064960,neutral
569649125525983233,negative
568611514711552000,negative
570027259999821824,neutral
568981498046623744,negative
567767091579592704,positive
567810786576576512,neutral
568825730718666754,negative
570040251764183040,negative
568537606503280640,negative
570017634495787009,negative
569453233044885504,negative
569950450352414720,negative
568782407698149376,negative
569256107186782209,negative
569673275183386625,negative
569660111976689664,negative
568140717198938112,neutral
568432405482229760,positive
568589732520665089,negative
570265542025719808,negative
569332152065593345,positive
570159741441335296,negative
568812675175591936,negative
569922437195829248,neutral
568303606710956032,neutral
570270039737274369,positive
569377633894445056,negative
569975032127967232,negative
569605593159352322,positive
570082960700870656,positive
569978197284130817,neutral
568468372524023808,negative
567727499367682048,neutral
567893710949588993,negative
568776831006064640,negative
569941617697644544,negative
570208640520622080,neutral
568573889359556608,negative
569911713459408896,negative
569633166031511552,negative
567791786145378304,negative
568836750598123521,positive
568883664219537408,negative
567777100112101376,neutral
568121659988824064,neutral
569484387055734784,negative
567992830943223808,neutral
569528550589464576,negative
570199481943261184,negative
570270776370311168,negative
567935527481188352,neutral
569870924410970112,negative
569659668412407808,negative
568098769847218177,negative
569617556857851904,negative
567849376925618176,positive
569620643810926592,negative
568900531696984064,neutral
570287638084763648,negative
568199101981937665,negative
568824786337574912,neutral
568769786890424320,negative
568800998929661953,positive
567805039583199235,negative
570086014980648960,negative
568871330495406080,positive
569554065606074368,negative
569540826231152640,negative
570239376283676672,negative
568341364951388160,negative
568544199072735232,negative
568602701623218177,negative
568127068287963136,negative
568829652233428992,neutral
570298117544906754,negative
569631973859139584,neutral
567875147941552128,negative
567916937679884288,negative
570070880983711744,negative
569161748286083073,neutral
570259131879309312,negative
569647396940075008,negative
569891436100874241,neutral
569967965346664448,neutral
570001194900426752,negative
569355179717369857,negative
569747390758047745,negative
570088470171013120,negative
569392880911036416,negative
570059530567962624,negative
570192751830171648,neutral
568646628795666432,neutral
570105441688158208,negative
569630183747153920,negative
570028083606122497,positive
568011935347838977,neutral
569673044802854912,negative
567728227465310208,negative
569867947130421249,negative
567953560362733568,negative
568964227366387713,positive
569223447005433856,negative
567790793197629440,negative
570255773651099648,negative
569297324285022209,neutral
567871911960645632,negative
568574014505029632,negative
567869273109958656,negative
567725125194493953,neutral
568084860008570881,negative
567810209088847873,negative
569207193377107968,negative
569666814017294339,negative
569199524629110784,negative
569691155606183937,negative
568983517037772800,negative
568722339833126912,negative
568098977545134080,negative
567810683485753344,negative
570276018751016960,negative
568823603627565056,negative
567741884140093440,negative
569309777567875075,positive
568827741832916994,negative
570004519679074304,negative
568276831134191618,negative
568927730160549888,negative
567769798831255552,negative
568883981371846656,negative
567776143273512961,negative
569806083981758464,positive
568969143581413376,negative
567790572833103872,negative
568813269906890753,negative
569213892980641792,negative
569926412234326016,negative
567875758053400576,negative
568469882922102785,negative
568882629409411072,positive
569125454684278785,negative
567846268090740737,neutral
569710365770182656,negative
569435327544369153,negative
569883152493240320,negative
570293527982301184,positive
569942482668167168,negative
569225958495952897,negative
569565822571679745,negative
569921757647212544,negative
569706873525391360,negative
569633036251340800,negative
568174911841177600,negative
568545857332588544,neutral
568938023439765504,negative
569959601011068928,negative
569857475098202113,negative
569987511830904832,positive
570299819610251265,positive
570079755560595456,negative
569953006847954944,negative
567865403101298688,positive
569720969947848704,negative
569643287918845952,negative
570300817074462722,negative
570271896887017472,negative
568100257931747328,negative
568068513224654848,neutral
569178715051188226,negative
569274123525844994,negative
568266994069295105,negative
567754165904887810,negative
568250159689113600,negative
568216286561374208,negative
569939736782962688,negative
568887349481861120,negative
569380081254027265,negative
569630160233873411,neutral
568201465958772736,positive
568471227418832896,negative
569934782643224576,negative
567768156111126528,negative
568080078875324416,negative
568453042816868352,neutral
568535586325303296,negative
569341255399964672,negative
569705563287896064,positive
569665260375793664,negative
568932129872039936,neutral
570173090774294528,negative
570141242769559552,negative
570000520083075072,negative
568104264733573122,negative
569650542995116033,negative
569977857755234304,negative
568440004281823233,negative
569962245620248576,negative
569616934225846273,negative
568134243177463815,negative
568423886762569728,positive
569696663742365696,negative
568943214130040832,negative
569621367806664705,neutral
568457955223453696,negative
568646083162836992,positive
569829960178905089,negative
568854082536001536,negative
568541043106435072,negative
569228870177591298,negative
569639923080404994,negative
569967909155446785,positive
570103012380667904,negative
569907031693520896,positive
569666866932813824,negative
569305802487439360,neutral
569475909226401792,negative
569646230264885249,neutral
569842929860263936,negative
569691521454223361,negative
569900784965554176,neutral
568057241435303936,negative
568491668858662914,negative
569724119748636672,negative
570297479029252097,negative
570133621870174209,negative
569239293429833728,negative
569671332092252160,negative
568616966191226880,negative
570298018685165568,negative
569627770613063680,negative
569482685061554176,positive
568523834980057088,negative
568454161962049536,negative
568846033997803520,neutral
569691389958553600,negative
568951601777512448,positive
570257336465387521,negative
569204272795004928,negative
568269180153274368,negative
568620917531623424,negative
569204185318723584,positive
569870480993181698,negative
569612999415111680,negative
569625606536732672,neutral
567772765756080128,negative
569075196117839872,neutral
569709246150893568,negative
569866669243265024,neutral
569273769652576256,negative
569921747195076608,negative
568913623327703040,negative
570142278729076736,negative
568982253553844225,negative
567924953976152064,negative
570097596913623040,neutral
568467055747313664,negative
569755876401274880,negative
568095956866093057,negative
568784295759777797,negative
568521376245501956,negative
569903377598914562,positive
569724257879502848,negative
570101027439046656,positive
569532924036407297,negative
570275248052039680,negative
569824790200111104,neutral
567588278875213824,neutral
570114451120074752,negative
569890258181070848,neutral
569989551051177984,neutral
569986794797842433,negative
569208219072991233,negative
568595828232863745,negative
569866272218836992,neutral
569625782181617664,negative
570285012882472961,negative
569841119783202817,negative
569923934054805504,positive
569856492477657088,negative
569592148338876416,negative
570078733735821313,negative
567813037454917632,negative
569206183283843072,negative
568118981170606080,negative
567930900731854848,negative
570282089863626752,negative
568005720026660864,positive
568626612314308608,neutral
569764857991467008,negative
570043820278050817,negative
569656088817233921,negative
569860989400649729,negative
569941389208719360,negative
569675774627848192,negative
570305051819941889,negative
569487167191425024,negative
569588651925098496,negative
568778553933889536,negative
569186566247051265,negative
570271896887017472,negative
568652138915766272,negative
567804951288901634,negative
569516908195815425,negative
568630879246901248,negative
567846026507390976,negative
570187080426397696,negative
569656884262793216,negative
569586471570534400,negative
568879053496655872,neutral
569932678688055296,neutral
569740152966238208,negative
568677207062609920,negative
570069362310324224,neutral
570289777184002048,negative
569980365386809344,negative
570057520162721792,negative
568394432900431872,positive
568231725970505728,positive
570114021854212096,neutral
569641880276893697,positive
568655789247762432,negative
570052124010278912,negative
569936348217352194,negative
570068435805310976,negative
570146395593666560,negative
570247180734353408,negative
570121588487663616,negative
568819285990215680,neutral
569613113718218752,negative
569608866138173440,negative
569281033365037056,negative
568152863962238976,positive
568564957740175360,negative
569682097125896192,negative
569655012915322880,neutral
569728466469453825,negative
569621698905022464,negative
570145544078815232,negative
569007103542587392,negative
569698145703043072,negative
569248700947689474,negative
568262481698803712,negative
569615753885970432,negative
569597220871282690,negative
569361887659294720,negative
569588375037960192,negative
569313734566547456,neutral
569667075280498688,positive
570215548589453313,neutral
569329378061979648,negative
567753899939860480,negative
569757115822157826,negative
570272018840428544,negative
569076717689524224,negative
568115946738597888,negative
569942703494070272,neutral
569353501123280896,negative
569126026938335232,negative
568462177415372801,neutral
570083380265689088,negative
568962582934978562,negative
569167658698067970,negative
568810516740644864,neutral
569639640170254336,negative
569578296360378369,negative
569504299992141824,negative
568380045431058432,negative
569283511192051712,negative
569113910776881152,positive
569249704543965184,positive
569609680961572866,negative
569704587315138560,positive
569451362687143936,negative
570105665093369856,positive
569250469178175488,positive
568929608566837249,positive
569741306190172161,negative
569958935907733504,negative
569892141335334913,neutral
569382132231110656,neutral
569606374591746050,negative
569980827209207809,negative
569646857632096256,neutral
569940199842525184,negative
568881580015366145,negative
569874311823036416,neutral
568596065882017792,negative
567731944151322626,negative
569918189909487617,negative
570007852724699136,negative
570220267462529024,negative
568440384897966080,neutral
569626841046224896,negative
568619425886121985,positive
569604198033170432,negative
570282469791911936,positive
569922853266694145,negative
569387453418762241,negative
570017867342725121,negative
567789001374183424,neutral
568088470712950784,negative
567822377473728513,negative
568149201466617856,negative
569924375723560961,neutral
568081068278075394,negative
567876794788872192,negative
568184886051389440,negative
568444017106690048,positive
568101444391276544,negative
568225310753353728,positive
570215234088116224,negative
570284312697765888,positive
569526583473483776,negative
569258934864781312,neutral
569904406285516800,neutral
568845539405656064,negative
569154879484235776,negative
568189481590886400,neutral
569011048843313153,negative
569867364390449152,negative
568625636639506433,negative
569686478046887937,negative
568785393358905345,negative
568081281910587392,negative
568113981866446848,negative
569705276481282048,negative
569700499319959553,negative
567768878613536769,negative
570263871526559745,negative
569880374651650048,negative
567843845247016960,positive
569989007532142592,positive
570001983408635904,neutral
570009886198796288,neutral
569772867774230528,negative
569747706047934464,positive
568574188086296576,negative
568906811308257280,positive
570272880556011520,positive
568822440631144448,positive
569820619682009088,neutral
569895344458170368,negative
569821519116955650,neutral
570104544622981122,negative
568216196132302848,negative
569830532516868097,negative
569418497694035969,negative
570215492838920193,negative
568535163690287104,negative
568716618794209280,negative
568096711450566657,negative
569748667793588224,negative
569347372595212289,negative
569651366018166784,negative
569165102307545088,neutral
569630959718551552,negative
568116895305617409,neutral
568100000418250752,negative
568114056034324480,negative
569620017840398337,negative
570115366023770112,negative
569976131748823040,negative
568460512553353216,neutral
570059574268469248,negative
568862914154770432,negative
569495331399995392,negative
568462314388656128,neutral
569930252606164993,neutral
567905184040382464,negative
569485882941509632,negative
569609923807440896,negative
567848437992984576,neutral
569579478168547328,negative
567892508987908096,negative
569496193249767424,negative
570262096094498816,negative
569664077049384961,negative
569663875836219392,negative
568155246616121344,positive
569411383265075203,negative
569667805643034624,neutral
569817817522044928,negative
568855071322198016,negative
568100935769006080,negative
568047159746174976,negative
568237879337422848,positive
568298773941755904,negative
568883598281076738,neutral
570267037911670784,negative
569622447869304832,negative
569238252676378627,negative
570265919676485632,positive
570164654061838336,neutral
567731794498174978,negative
567728533771132928,negative
567742141334437888,neutral
569632379326869504,negative
569748289945362435,negative
569540405676654592,negative
569867192445083648,negative
567739785406873601,negative
568463331251634176,positive
567772219549478912,positive
569530599129501696,positive
570245576815546368,negative
569699171868938241,negative
569262534232039427,negative
568588797182648320,negative
568597062104813568,negative
570245840612265985,negative
569697646501363713,negative
569965873752104960,negative
569918449121673216,negative
570300767074181121,negative
569259186711764992,neutral
569628159085301760,negative
570009228867293185,negative
568552943005224961,negative
568769672922812418,negative
568406048777900032,positive
567972416846217216,negative
568881593395208192,negative
570049743549833216,neutral
568163426343784448,neutral
570099762709581824,neutral
570306260010176512,negative
569938450633388032,negative
569883984190005248,neutral
569481897203494914,negative
569941957490774016,neutral
569769708569767936,negative
570001283907768320,negative
569889547162669056,negative
568074993856335872,positive
569708173831094272,negative
568875674552807425,neutral
569542909533384707,negative
569890715867750400,neutral
568140468854198272,negative
569523635171405824,negative
570196007243395073,positive
567871168214106113,negative
568192024026996736,neutral
570073661241057280,negative
567862754557759488,positive
568756110456270849,negative
570293289045364736,positive
569635389289459712,negative
569591765793165312,negative
570275384714862592,neutral
569945018527428608,neutral
570230527032229889,neutral
568945122961784833,negative
568599227342852096,negative
568178355452792832,negative
567862940348579840,negative
569890192338735104,negative
569659173044129792,negative
568427942382071810,negative
568175323470290944,positive
569009316490911745,negative
567899319157669888,neutral
569598072923123712,negative
568225166527991808,negative
567887502306050048,negative
569253430100946944,negative
570221955976187904,negative
569888183409893377,neutral
569093984640995328,negative
569686624721707009,negative
569921467552567296,neutral
569654988877668354,negative
568636474637357056,negative
569500607637262336,negative
568411980542775296,positive
568215031608815617,positive
567885982340636672,positive
569452063920226304,neutral
567778149132664833,positive
569126397161054208,negative
570000614794489856,negative
568552050797068290,negative
569905124723675136,neutral
570101817041747968,negative
569525974284558338,neutral
569274600196075520,negative
570204219191504896,negative
570102708734197760,negative
569687410969321472,negative
568479942146707456,negative
569933777931145216,negative
569514902748061696,negative
568589551477886977,negative
569200619430420480,negative
569525811704934401,negative
568480654347935745,negative
569650936911683586,negative
570205370649604096,negative
568214541852495872,neutral
567895874598215680,neutral
569002132621398016,negative
570250252382416896,neutral
569747702981853185,negative
569940147615113216,negative
569945380198203392,neutral
569899859161026560,negative
570063224328081408,negative
568497723109974016,negative
568199730989174784,negative
568928605226426370,neutral
567726594698264576,negative
569960904852312064,negative
569622819283337218,negative
568828959879790592,negative
569925190236442624,negative
570257660123193345,negative
568193116437483520,negative
568401790250700800,negative
570278803399798784,negative
569207022597509120,negative
570058262743101440,negative
568917786921009153,negative
570068466717237249,positive
567783802492420096,positive
569266206596734976,neutral
568615063738646528,negative
569900620095856640,negative
568451916319096832,neutral
568546837231042560,neutral
569710389757419520,negative
568309328127655936,neutral
568475497275002880,negative
570027321178099712,neutral
569387614265954304,negative
568868515857321985,positive
569697728890056704,positive
568167900919382017,negative
568560510896963584,negative
569342336158851074,negative
567874858815733761,negative
569923525508665344,neutral
569961977231106048,positive
568976065210806272,negative
569682010270101504,negative
568198843034169344,neutral
569763137819267072,negative
569538703732772864,negative
569929945331449856,negative
567884863031762945,positive
568782732358258689,negative
569660698231308290,neutral
568820729879367680,negative
568639207846989824,negative
569936251551232000,negative
568562657265131520,neutral
569342508553121795,negative
569368532242145280,negative
568057232392380416,negative
569101653573570560,positive
568811069575204864,negative
568425693828132864,positive
569650751598944256,negative
567910107163541504,negative
569925362471211008,neutral
570289080090689536,positive
570222998919225344,negative
568179392293281792,neutral
568583014176960513,negative
569927035524681728,neutral
568189520992198656,negative
567887646162161664,neutral
569717605277130752,negative
568903773491306496,negative
567820352329523200,negative
569759459632750592,negative
569195472650268672,negative
569659162281377794,negative
569473231498964992,neutral
569600927394631680,negative
568842944024875008,negative
570236138603950080,negative
568085082746933248,neutral
568100090390425600,negative
570114300888678401,negative
570291431195205633,negative
570182283665088512,negative
569146045306793984,negative
568100712309256192,positive
569613897516380160,negative
568574059652489217,neutral
569590151657103360,neutral
568923795228139521,negative
570283712409051136,negative
569152740414218240,negative
567903480993558528,negative
570306867878072320,negative
567887437826908160,negative
569924355011932162,negative
567878696356433920,negative
569704220472913920,neutral
570283453750489088,negative
570284862122233856,positive
568173938292985858,positive
568148282762874881,negative
570277008216870912,negative
569155784988164098,positive
569706336268611584,negative
569255036796215297,negative
569651165396373504,negative
569273176775114752,neutral
568815893641211905,negative
567754593434873857,negative
568105844174397440,negative
569273777999241216,negative
570305363859406848,negative
568906503358259200,neutral
567881730490646528,negative
568643981258723328,negative
569874879794831360,negative
568278516309090304,negative
567796792847499265,negative
567768830265401344,negative
567851352249868288,neutral
570013535696232449,negative
569646045656948737,negative
569932197735604224,positive
569879601784041472,negative
567748407070953472,neutral
570066231757180928,negative
567766554600038402,neutral
570262676481421312,negative
568548629432004609,negative
568829494556897280,negative
569777772115193856,positive
569895538910498817,negative
569652316816719873,negative
568174745293709313,neutral
569568878977794048,negative
568156758025187329,neutral
569374298168791040,negative
569970225443172353,negative
568611482780508161,negative
568112842261594112,positive
569604994825105408,negative
569171003852468224,positive
569149358802759680,negative
568984515298922496,negative
569666840370110465,negative
569704700490219523,negative
568913346675613696,neutral
570297070998974464,negative
570190092213465089,negative
569603273033945090,negative
568437120966258688,positive
568042869505654784,neutral
567847120990048256,negative
569559136540561408,negative
569975650691330048,positive
568401416982806528,negative
569708507961950209,negative
570001706676842497,neutral
569987622484848640,positive
569668179758350336,negative
568635298759860226,negative
569484965055832065,negative
569663687222542336,negative
569986326168268800,neutral
568487509958774784,neutral
570303383782989824,negative
569604425238454273,negative
568885971913023488,negative
568874175693242369,negative
569646601398067200,negative
568108322924191744,neutral
567874970463780864,positive
568880036234682370,negative
567866511626346496,negative
569242387878428672,negative
567921295473512448,negative
570257719334187008,neutral
569888280793063424,positive
569616634601717760,negative
568779480019251201,negative
568953095423705088,negative
568867930127114240,negative
570249083790733312,negative
569740409787658240,negative
569328072027189248,negative
569670402223562752,neutral
568474960097878016,negative
569553741222952960,negative
570156777297350656,negative
569997258772455424,neutral
569475306018353152,negative
569922639185072129,negative
570198522911436800,negative
568803260569690112,negative
568053414682361856,negative
569662030984056834,negative
567983341405745152,negative
570195799256072193,positive
570273819287531520,positive
569945910546989057,negative
569465622301552641,negative
570093652120178689,negative
567752542491516928,negative
570261981569159169,neutral
567759344360783872,negative
569862767236255744,negative
570232477618442241,negative
567733656106459136,negative
569604507405037569,negative
569847920192655361,negative
568731988082999296,negative
568624528131125248,negative
567780076926693376,negative
569645836109418496,negative
568906726906335234,positive
569651277916999680,negative
569832733226110976,negative
568930588868141056,negative
568182544124014592,negative
570306529947193344,negative
569591136534319105,negative
568612911222026241,negative
569820790905970688,negative
568102992110465025,positive
569686145275072512,negative
570217971815211008,positive
569672091550658560,negative
568152968257613824,positive
568155066668060672,negative
568454418141614080,positive
569598614235942912,negative
568098677618683904,negative
569958552493793280,negative
569618972535959552,negative
569227490046164992,negative
569591393540288512,negative
569367983065137152,neutral
567791182199197697,positive
567812841081688064,negative
568569662717313024,positive
569852332797775872,neutral
568585196699664384,negative
569211529880576001,negative
568916674168135681,negative
569884551712886785,negative
568801561377439744,positive
569730861593010176,negative
567767009908109312,negative
568308149796474880,negative
569948131397410816,neutral
569754108321607680,negative
569504786879528962,negative
568175505314336768,negative
568578381320597504,negative
568178240101191681,negative
569528351364292608,negative
569587691626622976,negative
569698044175757312,positive
569598915722518528,negative
570195089869447168,neutral
569623343424413697,negative
568678961229762560,negative
570095043169529857,positive
568248416418926594,neutral
568054514617622528,negative
567757851104641024,negative
569984789798899712,positive
569363796113764352,neutral
567737449938685952,negative
568736451237707776,positive
569221317486116864,negative
568492323824381952,negative
568878319074029568,negative
569232650965102592,negative
569640998491578369,negative
569010309085536257,negative
567793072060276736,negative
568435434964938752,negative
568633911959363586,negative
570011341483843584,neutral
569642419307864064,negative
569958485913243648,negative
568466895554408448,negative
569203010410119168,negative
568487293100691457,negative
569222108200476672,positive
569069311962132480,negative
570287408438120448,neutral
569288530419175424,negative
570053168349851648,negative
568058224433340416,negative
568335451741749248,neutral
569108474233270273,negative
569990481452539904,neutral
570266871586553856,negative
569335779371003904,negative
568821349688471552,positive
569672477967835136,negative
570292715444965377,negative
569677478077136897,negative
567676626855419904,negative
568174139531513856,negative
569668637369491458,negative
569870445710671872,negative
567797955202416641,negative
567997819560333313,neutral
568807206059028481,negative
569734868344684544,negative
569935232033366017,negative
568904934495629312,negative
569989082719358976,negative
570222626712514560,positive
569900147343265792,neutral
569151232738095105,negative
569854535608311809,positive
570296986827694080,negative
567617486703853568,negative
570212246053220352,negative
568588896218587137,neutral
570071071220609024,negative
569673582609088512,negative
568093784417951744,neutral
569538840735703040,positive
568426579874996224,negative
568140092453179394,neutral
569481844300898304,negative
569599978722746368,negative
569672807715463168,negative
568112237765722113,positive
569948398545039360,negative
569195394065952768,negative
570035525761011713,negative
568077199162658816,negative
569827255653941248,negative
569883285989531649,negative
568786035053760512,negative
567845953245413376,negative
569936893166489600,negative
567929586077425664,negative
569596034059358208,negative
569984785860464640,negative
570261514340474880,negative
569698562734321665,negative
568092489011236864,negative
570123136542224384,negative
569220243123544065,positive
569938559836299264,neutral
570197979820224512,negative
568768874037915648,negative
567728386014183424,negative
569493813884030976,neutral
569358195862462464,negative
568076556997775360,neutral
569638503199285248,negative
567883485542658048,negative
570258597180940288,neutral
568224469480833024,negative
568002085888897025,negative
568059376474439680,negative
568843160224452608,negative
569190933297807360,negative
570000250225754114,neutral
569948225278480384,negative
570214789487693824,negative
568273514970501120,negative
568976619089620992,negative
569556500928188416,negative
569634318349246464,negative
569946012988669954,negative
567783187901915136,neutral
567854782678982656,neutral
569557763094917120,negative
569933901944066048,negative
570012047917907969,negative
569651579307069440,negative
570058295689523200,negative
570307390752608257,negative
569525690615205888,neutral
569346870423769088,neutral
569926031542345728,negative
569709058636320768,negative
569976092359917568,neutral
570072252026376192,neutral
568723674934722560,negative
569573704902049793,negative
568083999761010689,neutral
569535507815903233,negative
570009951474753537,neutral
570302460235026433,neutral
569882542855352320,negative
567796079446745088,neutral
569307561083703296,negative
567776761510907904,neutral
570033000777457664,negative
568053242426470401,negative
570065109961322496,negative
569995514558550016,positive
569003484701282304,negative
569231102428250112,neutral
568575335148580864,positive
568029718173356033,negative
567774437673603073,negative
567817897893982208,negative
569970287493705728,negative
568527517910319104,positive
569188394716278786,negative
567789433010016256,negative
569707970876936192,neutral
568847512372514816,neutral
567716403117957120,negative
568798426810355712,neutral
568251373189349376,negative
568948971923742720,negative
569948241116016641,negative
569600023597428736,negative
569653977714962433,negative
568169837878484992,negative
567873519356284928,neutral
568115829616861184,neutral
570064017022181376,negative
569954670006763520,negative
569678905344270336,neutral
568458185071132672,negative
567737617031380992,positive
569482497496473600,negative
568070522908442625,neutral
567744219281129473,neutral
569662113989439488,negative
568069437506641920,negative
570309308937842688,negative
568801400815292416,negative
568418629236219904,negative
569938487920566272,negative
568105051622756352,negative
568231586585550848,negative
569300959911768064,negative
570033309113131008,positive
568534107875119105,negative
567812349895245824,negative
567821242029359104,negative
568177098038349825,negative
569260276626956288,negative
569994012670734336,negative
569495111337275392,positive
570299924555956227,negative
569897005297709057,neutral
569185684268789761,negative
568817894030741504,negative
569524284873424896,negative
568450643175866368,neutral
568847616404004864,neutral
568056050877919232,negative
568114097142652928,neutral
567790133224681472,negative
569346420139905024,negative
569854540494868481,negative
570003144366792704,negative
570068397544710144,positive
568894256070287360,negative
568575427742011392,negative
569226313220947969,negative
568474931207352320,positive
568914888728449025,negative
570073705507725313,negative
568161102254616576,negative
567747787807526912,negative
569908080114339840,negative
569907773309214721,negative
570085859132878848,negative
570221178658418689,positive
568237654606680064,positive
569973504390639616,negative
570105753471746048,negative
569746687805095936,negative
568215307170521088,negative
569485181633089536,negative
569675530792013824,negative
570196895383080960,negative
568458513636134913,negative
569387005131546624,negative
567946595481706496,positive
567758180068130816,positive
569209958627016706,negative
569263496560422912,positive
570123304498917377,negative
569275554110664705,negative
569903376583913472,positive
569303779822190593,negative
568923233866555392,negative
569530159247826944,negative
570242205463359488,positive
569344598482546690,negative
569916323725217793,negative
569979612865925120,negative
567802662026014720,positive
568774932844261376,negative
568525368572817408,positive
568890203923980288,neutral
569555455963471872,negative
567861975419457537,negative
567902921829978112,negative
568355672225673216,negative
568560914779078656,positive
569928989231353857,positive
569679888682061826,negative
569929653730840577,negative
569747411779735552,negative
569312396097003520,positive
570020023630057472,neutral
569633285288157184,negative
569904589010575360,negative
567895584625020928,negative
570292976603295744,negative
568995213529759745,negative
569884438504427520,negative
568428195193729025,negative
568760648135544832,negative
568051218477654016,negative
569654562031685632,negative
569373631999926272,negative
569015669347319808,negative
569757790626906112,positive
569901265163034624,negative
570289473898082305,neutral
567841308452249600,neutral
569228412159721473,negative
570215711416537088,neutral
568804625257791488,negative
568629791869394945,negative
569954393216454656,neutral
569598671420919808,negative
569148114193530881,positive
568189531033174016,positive
569400188491730945,negative
568159714737049601,negative
570065109420101633,negative
569721604315312129,negative
569691144897953793,negative
569952664445808640,neutral
569666428388958209,neutral
568166478572204032,negative
569323106210152448,neutral
569748099616215040,negative
570175182012174336,negative
568010412798509056,negative
567764858817773570,negative
570288809532891137,negative
568969970513653762,negative
569184886424268800,negative
569950766389182464,neutral
567746544536145921,positive
569658152741957634,negative
569174663089287169,negative
570296537433186305,negative
568941140415803393,negative
568105570215055360,negative
569965774498095105,negative
568654569976123392,negative
569925940224139264,negative
569966909019398144,negative
569275566077165568,negative
568424596657078272,negative
570228063625207808,negative
567731246462033920,negative
570299182310944768,negative
567752407166103552,neutral
569143704109215745,neutral
568482925177651201,neutral
569303931916038144,negative
569742312059899904,negative
570014637397295104,negative
568463093568835584,neutral
570201440704028672,negative
569368056855552001,negative
569135011322064897,negative
569529608862875648,negative
569834060043780096,positive
569512447717085185,negative
569825936788598786,negative
569514750842789888,negative
569311644934807552,negative
569701122899775488,negative
567767810655670272,negative
569905899650883585,negative
569740316577632256,negative
569276415927037952,negative
569890859526823936,negative
569852084536750080,negative
570267215720800256,neutral
568192660923666433,negative
569612947833671680,positive
569939368598753280,negative
569931363505315840,neutral
570265883513384960,negative
567898499540340736,negative
569975155964772352,negative
568850943359496192,negative
569621047353450496,negative
569974710915571712,negative
569618884355092480,neutral
569233440463155201,negative
567813042576199680,negative
569226128168062976,negative
569318991224803328,neutral
569569152312213506,negative
569811225770479616,negative
569678975049588737,negative
569591700416393216,neutral
568463644503240704,positive
569261989735718914,negative
567768306799882241,positive
569225085330071554,negative
569887533267611648,negative
568169732895051777,negative
570245603118211072,negative
569191875271372801,negative
570205132094349312,negative
569232221397065728,negative
567848544893169664,negative
568895061284364288,negative
569718162595426304,positive
569654749055864832,negative
569968282532315136,negative
569649222963871744,negative
569582603902128128,negative
569756967935148032,negative
570257258275164160,negative
569604777962643457,negative
569629100114989056,negative
569363354428567552,negative
569941247546286080,negative
568486660410908674,negative
568531020267458561,positive
569967632868188160,negative
569715233549369344,negative
570260984704700417,negative
570304544128815104,negative
570260383862108160,negative
567734499669454848,negative
569731353337581568,negative
569626673034850304,negative
569906183487643648,negative
568365652597014528,neutral
568752875205238784,negative
570177331358076929,negative
567850465406394368,negative
569391350879137792,neutral
569338724787593216,negative
567767199700758530,negative
569675979284721665,negative
569700397884928000,negative
569730747675897856,positive
569591456190504961,neutral
569170176165478401,negative
567864058742845440,negative
570213762948567040,neutral
568178422175948801,negative
569244202225307648,neutral
567952115588423681,negative
567912190788771840,negative
567786652991770629,positive
568457663123746816,negative
569117696610185217,negative
569529242893090816,negative
569980963926765568,neutral
570259423987404800,negative
569339181136113664,negative
568640966866935808,negative
568153430776287233,negative
570267929322921985,neutral
569983149028962304,negative
569255845394952192,negative
569724281334034432,negative
569641346316640256,negative
569908792776892416,neutral
567823244549480448,negative
569671000486502400,positive
569671485930876928,neutral
569140362025050112,negative
569621840844464128,negative
567860107960324096,negative
569669516185063424,neutral
568929490929377281,negative
569619752399667200,neutral
569462004332646400,neutral
568510570799869952,positive
568144831496593408,negative
570016312610709504,neutral
567753815634370560,negative
569888244856455168,negative
569713890138963968,negative
568147319155073024,neutral
568069392422051841,negative
570283824040382464,neutral
567807375667912704,negative
568802906280845312,neutral
569438763115536384,negative
569491590105980929,positive
569128289178152960,negative
569239947061927938,positive
569193887706812416,negative
570235698608869376,negative
569730716692393984,negative
569686267354599426,positive
570023321904943105,negative
568964635103076354,neutral
569277733416513536,negative
569989168903819264,positive
569172176214962176,neutral
569692158287962112,positive
568006455317667840,negative
568967381860503552,neutral
567766755797389312,negative
567863121479536641,neutral
568591059602829314,positive
569117360965193728,negative
568946502615179264,negative
568855090930429952,negative
568148807684198401,positive
567921406807261184,positive
569895498527727617,negative
569700277244141568,positive
569168436280098816,negative
569649712996823041,negative
569504763957653504,negative
568077090656002048,negative
568191101087019008,negative
568845012777111552,negative
570288445156941824,negative
568849007641911296,negative
569723768773349376,negative
569598323621023745,negative
569695695868817410,negative
569298251418959872,negative
570092677196181507,negative
568838743030956032,neutral
567591480085463040,negative
569611735696580611,neutral
568627619991650305,negative
568247480023961600,negative
569513103970455552,negative
569243889011281920,negative
569463202817417216,negative
570245555064074240,negative
569676204728389632,positive
568809620019527680,negative
569685165565308928,negative
569470053348823040,negative
569602817633222656,negative
569688749208178688,negative
569575780864241664,negative
568487688510287873,negative
568090175122907136,negative
569708573762023424,neutral
567733228690083841,negative
568995447768899584,positive
569183494259273728,negative
569935135132426240,negative
569338966857687040,negative
569866875452203010,negative
569002703558475777,negative
568695647202717696,negative
570157210183069696,negative
568256684642213888,negative
568663147189415936,negative
567754562053091328,neutral
567832640289579008,positive
568106054283882496,neutral
569849299850305536,negative
569957187138797569,negative
569972721901277184,negative
568914672826474496,neutral
568211021497638912,negative
569841476240166912,negative
569176746735632384,positive
570292914686955520,negative
567761297879646208,positive
570306250442985473,negative
569556796525969409,negative
569977974176378880,negative
569690252450799616,neutral
569366968446246912,negative
568027668026937344,negative
570249864841285632,negative
568782761852596225,neutral
569033300662218752,negative
568382790506389504,negative
570231786824994816,positive
570092184948645889,negative
569308292893290496,negative
569310202174025729,negative
569673431224074240,negative
567816909816635392,positive
570174964856266752,negative
569713993532600321,positive
567754056924672000,positive
569607706358779904,positive
569514001450672128,positive
568526349565972480,negative
567807333498355713,negative
568135319876468736,negative
570009630786453505,negative
569710853160710144,negative
570260387746029568,negative
567784566614540289,neutral
569592120954236928,negative
570247551368241153,negative
570251142942171136,negative
569884462051418112,negative
569660306298945537,negative
567856400522563584,negative
568079126462128129,negative
568109390026448896,negative
569207912251289600,positive
569894640675102722,negative
570158980611350528,neutral
569777607371128834,positive
570063450174464000,negative
569331021163814912,negative
569767473525862400,neutral
569519571314589696,positive
568509763048357888,negative
568900052397092864,negative
569914641414905856,negative
567776258621464577,negative
569994045205803009,positive
569883743223050241,negative
570027786053636096,negative
569159814426853376,negative
569198999904886784,negative
569370900568502272,negative
567830916950822912,negative
567919531068391425,positive
570284725740285952,neutral
568159336104636417,neutral
568155440267161600,positive
567764953289875456,positive
568925579933671424,neutral
570288282413633536,negative
568489967808327682,negative
569586743831191552,positive
569909718765842432,negative
568177609281896449,negative
570021128032407552,negative
568086667258679296,neutral
569604805116563457,negative
568833209288372224,negative
569660363794468864,negative
569176007225188352,negative
569016660927123456,negative
569839419211034624,negative
569692936880791552,negative
569719540520628224,negative
569344036256903168,negative
569967493487292416,negative
569665193266909184,negative
567822117237170178,neutral
569799181394538496,negative
567742937325260801,neutral
570163418637996032,negative
569716449704587265,negative
570198506222194692,negative
567919283419742210,negative
568527922576777216,negative
568112232208293889,negative
569966076047437824,neutral
569599713499963394,negative
568955862124863488,positive
569688901922615296,negative
570252614320783361,negative
570247839563034624,negative
567814094678675458,negative
568882449922416641,negative
569247351392616448,negative
569789996707803136,negative
570048851295383552,negative
568522747501895680,negative
569641125243301888,negative
568788141236199424,negative
568915536844759040,negative
569859985208770562,negative
570057809037008896,negative
568919686978641920,negative
569886683501473793,negative
570081545211375616,negative
568779073117245441,negative
567740187380170752,neutral
569650813070483457,negative
568817985147654144,negative
569759330662109185,negative
569937891788505088,neutral
567922347669262336,negative
569667019693359104,neutral
568200934507057152,positive
569191124373520384,negative
569875456415170560,neutral
569162276403609600,positive
568137336095170560,negative
570277811795001344,negative
570085896319401984,positive
567762333779628032,negative
569344914485583872,neutral
569144056305074176,neutral
570252986372329472,negative
568858974281314304,negative
569939532096925697,neutral
569620432204267520,negative
569608322925473792,negative
569527721916796929,negative
570083989601411072,negative
570151995472027649,negative
569947357787385859,neutral
569632519387099137,negative
567805176388788224,negative
568244071770296320,neutral
569585968610615296,negative
569318505755103232,negative
567790995148783616,negative
569705870830874625,negative
570240896387710976,negative
568475305675001857,negative
568234631465734144,negative
568828543423123456,negative
567692504397803520,negative
569881453842042880,negative
568594180014014464,negative
568107407647207424,positive
569887742479486976,negative
569705524138090496,negative
569311060903268352,negative
568220131819720705,negative
567830505414103040,neutral
569338032572116992,negative
570239998383038464,neutral
569898033128693760,negative
569786720562110464,negative
568057226776219648,negative
569278644943757312,negative
570202204281425920,neutral
569589955837628416,negative
569844251426729984,negative
569988479540695040,negative
569232480181489665,neutral
568188639412400128,neutral
568128904260685824,negative
570075821127249920,negative
569710446112067584,negative
569992815624781824,neutral
568124227641065472,neutral
570175761468030977,negative
570034833633767424,positive
568558728263254017,negative
568492653987418112,neutral
570108519237558272,neutral
569245240336330752,negative
569592402085847041,negative
570210502955155456,negative
570292371340062720,neutral
568654556634021890,neutral
568574989688901632,negative
569696862011133952,negative
569981968655519744,neutral
569792794711220224,negative
569204255191490560,negative
569714541178679296,positive
568095440517754881,neutral
570038941497192448,neutral
569196231546830848,neutral
568272139075387392,negative
567828625388609536,negative
570185687569469440,negative
568834558268973056,negative
568544549536198656,neutral
567760060080599040,negative
569905936980185088,negative
569526070615138304,negative
568157491927896064,negative
569814855349346304,positive
568278231973044225,positive
570009292885123072,neutral
569456828511326208,negative
569655262765719553,negative
569281170996891649,negative
570282469791911936,positive
569922837353402368,positive
570213389005414400,negative
570056648137576449,negative
569188967180058625,negative
569183862493810690,neutral
568605113457242112,negative
568205359208230912,negative
569596420761604096,negative
568557220473884672,negative
567947508208377858,negative
570303683872886784,neutral
569969218306904067,negative
568172923531481088,positive
569619751124795392,neutral
570032636657311744,negative
568789020890812416,negative
569212570478911489,negative
568492898553102337,negative
569525116725567491,negative
567803109687443456,negative
569566673235271680,negative
568648940033343488,negative
569608282442047488,negative
570285070184898561,negative
570267902726803456,negative
568644388001337344,neutral
569838878049345536,neutral
569938090510454784,negative
568865640569806848,negative
568437777647460352,positive
568929979981033472,negative
570169567374401536,negative
569676138253049859,positive
569690010531680256,negative
569988987420434432,negative
569921840904327168,negative
570296754832318465,neutral
569968197224439809,negative
567768224607911936,negative
570013108070014976,positive
569158165176164353,negative
568054330550587392,negative
569868818975219712,negative
570074662086045696,negative
569375244751745025,negative
569692012456181760,negative
568044626654806016,negative
570290337169739776,negative
568751082547089408,neutral
569118675070005248,negative
569596364197199873,negative
569181501830656000,neutral
570229557740969984,negative
569928277613256704,negative
569874524922978304,negative
569189803746574337,negative
568615365619662848,positive
568074163270905856,positive
569343882389016577,negative
569648849494675456,neutral
568810180269494272,negative
569663725172436992,negative
568410282298621952,negative
570283254743506944,negative
569317426975760384,neutral
569730123210948608,neutral
568982505551851520,neutral
569850597169598464,negative
569613523648532480,negative
570042296357539840,positive
568961160357285889,negative
569607757784952832,negative
568940981321637889,negative
568057046303576065,negative
569566712397471746,negative
569865536873500672,negative
569892876642955264,neutral
569323273172832256,negative
570295174385016832,negative
568917054004334592,negative
568502021390786561,neutral
567800574051151872,negative
569336246474022912,neutral
568677317590937600,negative
568543965026390016,neutral
569659027073867777,negative
569970518381744128,negative
569645502729457666,negative
570271730729689088,negative
569647615194898432,negative
568303293635522560,neutral
569666885035409408,negative
568202855166967808,positive
569910971222892545,negative
567778236026077185,negative
570003289326157824,negative
568069549591035904,positive
567742857411166208,negative
569924116335108096,positive
567755768037130241,positive
569191687794270209,neutral
568652268305666048,positive
568139007617597440,negative
569537485761433600,positive
569669921258409985,negative
568604735772741632,negative
569638479157723136,neutral
570249520736374785,negative
569702549491752960,negative
568560904469684224,negative
569520929128251392,negative
569343563244425216,negative
568797800743313408,neutral
568531781835571200,negative
570038580967383042,negative
569724245963444224,negative
569543457452064768,negative
569783738210525184,negative
569646538814824449,negative
568052101504372737,positive
569680231012773888,negative
569952340612149250,neutral
569384007550394369,negative
570181464773562368,negative
570279442750291969,positive
569957240960094209,negative
567895211575111680,negative
569654709964836865,negative
569119503516246016,negative
569332471193595904,negative
568207908057567232,neutral
568563494313857025,positive
568786811381616641,neutral
568624487031132162,negative
568587490971533312,negative
568649643187310593,negative
569651129136459776,negative
569244701875769345,neutral
570234327071629312,negative
570098489943666688,neutral
568697648028487680,negative
567787240399851520,neutral
569837152332333056,negative
568583737417605122,neutral
569934354241212417,negative
569236251129163777,negative
569626655527981058,negative
567830279809937408,negative
567880238962716672,negative
569977517945126912,neutral
568202174917976064,negative
570270918095695872,negative
568132209330098177,negative
568175537258156033,negative
569589454194790400,neutral
569877540698894336,negative
567872769049825280,negative
569841949185839104,negative
569883077289181184,negative
568615916730056704,negative
568281801480904704,positive
570088980278059008,neutral
568965309505380352,negative
570306715599695874,neutral
569826411206316032,negative
569710876682366977,negative
568779615323299840,positive
567733847132229632,positive
569644249337110528,negative
569842257588846592,negative
567813060027772928,negative
567797894431117312,negative
569663371353546752,negative
568453351479721986,negative
567903653933101056,negative
567918545046081537,negative
567987484556013568,negative
569596502558920707,negative
569839118093398016,negative
569951222515539968,neutral
569999076143423488,neutral
569974772551032832,negative
568234670166568960,neutral
569551241967067136,negative
567724948375212032,negative
569989178651508737,negative
569522040547385344,negative
569675178227081216,negative
569895187746418688,positive
569982323598368768,negative
570136130126897152,negative
569675637365071872,negative
569436595746684929,negative
568784261064622080,neutral
568492370821562368,neutral
569005718365298689,negative
568644931792687104,negative
569233434423353344,negative
570169851156701185,negative
568433493987844096,negative
569923394990419968,neutral
569762365572558848,negative
569693808914522113,negative
570306715599695874,neutral
569488587135295488,positive
569813138910130176,neutral
569614917826965504,neutral
570267592478191617,neutral
569949946146742272,neutral
568578057293807616,neutral
569687262444720128,negative
569612379811676161,negative
569862271968669697,negative
568793782164062208,neutral
569180231782801408,negative
570252431113760768,negative
569871979739635712,negative
569328755409326080,negative
568154689449168896,neutral
569152792314687488,negative
569846853350457344,negative
568107551553794049,neutral
568110846057975808,neutral
569634729324122112,positive
569598171082596352,negative
570305234838429696,negative
567802649526976512,neutral
570290334158225408,positive
567872411418247169,negative
570064381410734080,neutral
568072770103308288,positive
568915699290284032,negative
568875453773168640,negative
568737248931397632,negative
569507834930442241,negative
569221213026971649,positive
569334462292434944,neutral
570300248553349120,negative
569276042491211777,negative
570101746590093312,negative
570224719011704832,negative
569638919131627522,negative
570075101326024704,negative
568962468766212097,negative
569903268312125440,neutral
570223576038686720,neutral
569898995327377408,neutral
569007852607680512,negative
569596097540132864,negative
568057812322021376,negative
568998609590419456,negative
569303932691984384,negative
569815968194678784,neutral
568782924302065665,negative
568608850569338880,negative
569743129928028160,negative
569416670340636672,negative
569671454419079169,negative
568808318560550912,positive
569134299024367616,negative
568124691673686016,negative
569921082708389888,negative
568538599903244290,negative
569621228048089088,negative
568630453521022976,negative
567860775752208385,negative
568533372709908480,negative
568568938960805888,negative
568855505747095552,negative
567881305754595328,negative
568600144406568962,negative
568149912665198592,positive
570283309093113856,neutral
569947151339429889,neutral
567769337256484864,negative
568622422309482496,positive
568791283575201792,positive
568104397869350912,negative
567787449053872128,negative
569697234574581760,negative
569666115477098496,negative
567826761141985280,positive
569644332573007873,negative
569631041356320768,negative
569544730184261632,negative
569920773105840128,negative
568850938796118016,negative
568935636318552064,positive
567731485894270977,negative
568425317028610049,positive
568447131431931904,neutral
568818695562260481,negative
569681831039074306,negative
569723119415513088,negative
568400398748266496,negative
567909106553483264,negative
569646854402486272,negative
569566232803803136,negative
569874933549027328,negative
567775776582672384,negative
568918313239064576,negative
569874150636048384,negative
569938864028012544,positive
570308309682675712,negative
568802044309430272,negative
570295901555699712,positive
570308513181904901,neutral
568853588858023936,negative
569709973963468801,negative
568911225167474688,neutral
570261359377698817,negative
568911315026063361,negative
568457681855340544,negative
569148485519462400,positive
569974833418600449,negative
569601934853873664,negative
568274949275824128,negative
570050268588597248,negative
569995706909503488,positive
568514213921947648,neutral
568963705439789056,neutral
570280755252895745,negative
568204182676578304,neutral
569143215405674497,negative
569879100971753472,negative
568908748732760064,positive
568319110779514880,negative
568996536555851776,negative
569206152510226432,negative
569574646229684224,negative
568528082841112576,negative
569753971406999552,neutral
569146861082161152,negative
568142966570807296,negative
568140724618686464,neutral
569478023839416320,negative
569603590349848576,negative
567859888480772096,negative
570276196405125120,negative
569716576850731008,neutral
569958295919730688,negative
569533103359660033,negative
568078149231067136,neutral
568899587424931840,negative
569596089625661440,positive
570253313368698883,negative
569974287286845441,negative
569935135895883776,negative
569942253365534721,negative
569471541554978817,negative
569229091657936896,negative
568234992557527040,negative
568834328937009152,positive
568962609375895552,positive
569940889591795712,negative
569836305066041344,negative
570056984986300418,negative
567808067237326848,negative
570306250442985473,negative
569966060926947329,neutral
568775278505414656,negative
570261511781941251,positive
569457108355289088,negative
568910702070534144,neutral
568884379600224258,negative
569284604567228416,neutral
569431884217909248,negative
569610542723309568,negative
570043199596531712,negative
568469807189790720,negative
567802602738708480,negative
569633221748637696,negative
568479680229208064,negative
570246800247902208,negative
568379326678368256,positive
569496828376322048,negative
568611413687603200,negative
569451523878420480,negative
570177697814425600,negative
569313126342123520,negative
568082658741215235,negative
568174847450329088,negative
570238126347714560,negative
569989321698074624,negative
570218794414673921,negative
569470776576880640,negative
570051834188075008,negative
569636885863251969,negative
569664330163200000,negative
568436061959028736,negative
568373623737556992,neutral
567848084572532736,negative
570064025918115840,negative
567713868747902976,negative
568487367536996354,negative
567745233900044289,negative
569234806543929344,negative
568650933049147392,negative
569915643094396929,negative
568802225058926592,negative
569922305423495168,negative
568172170569887744,neutral
569936893325897728,negative
568914516546850816,negative
569364648576872448,positive
570009129579900928,negative
568751415390285824,negative
569149949989879808,negative
569539287118692352,negative
568164374248067072,negative
569644335014092800,negative
569312077954854913,negative
568965774649520128,negative
569666606424420352,negative
570084871101661184,negative
569760231846072321,negative
568629385105793024,neutral
570085644015419393,negative
568165260605014016,positive
568366109461606400,neutral
568904127834558464,negative
569595595754639360,negative
569940935875948544,negative
568926306496172032,neutral
570078355770339328,negative
569951016033980416,positive
568483773467262976,positive
569911816937033728,negative
568063182230724608,negative
569666689589231616,negative
570212842206580736,negative
567738680945958913,neutral
569679759250038784,negative
569339928678522880,negative
568567255291703298,positive
568813570709782529,negative
569944956132990976,positive
568790707470790656,positive
568616463407255552,negative
568896751102533632,negative
567844774994014208,negative
569668644529147904,negative
569357827522699264,negative
568269372151734273,negative
568548205421563906,negative
569757651539660801,negative
569895082402295810,negative
569615109363929088,negative
569199676282564609,negative
568502194854612992,negative
570268160202567680,negative
569880100218544128,negative
569723932355358720,neutral
568633534627381248,negative
568757933502148608,negative
568435677190336512,neutral
570045153295011841,neutral
567770722882580480,negative
569983511609757696,negative
568575202713583616,negative
569341821505163264,negative
569522820725788674,negative
568894021688434690,neutral
569385496675295232,negative
570229936285331457,negative
567902121992921088,negative
569723086465069056,negative
568022599843893248,negative
568937604328108032,negative
569605942318231553,negative
569649779090833408,negative
569952285024915456,negative
567749848074813442,negative
568761425029668864,neutral
568872880865325056,positive
568625014037045248,negative
569939149756755968,positive
569666826352898048,negative
568833739192557569,neutral
569636447956930561,negative
570139793608175616,negative
568383068244819968,negative
569681774307123200,negative
569886575720574976,negative
569470757673291777,negative
569075352888176640,negative
569617808885096448,negative
569930801577644034,negative
570088573598355456,positive
567797327071838208,positive
569916731595972608,negative
569974668406296577,negative
568108968867819520,neutral
569397314240049152,negative
569096764835414016,positive
568083251866152960,negative
568562718854111233,negative
568761600359993344,negative
568527941723774976,negative
569673913892003840,negative
569174723877146625,negative
567788514952368129,positive
567771225104338944,negative
567734329212940288,positive
569871068833435648,negative
570179344833708033,negative
568836390991101952,negative
570075456302649344,negative
569676317144133632,negative
568517386795507712,positive
569847788986462209,negative
569906662061944834,neutral
569845865185206273,negative
569690626293305344,neutral
568017135236022273,negative
568224769872502784,negative
569910774556004352,negative
569305409925873664,positive
569490499377061888,negative
569697456536965121,positive
569869960195006464,negative
567801343861092352,positive
569143946930196483,negative
567815174045868032,positive
569660740396720128,negative
569278041165324290,negative
569890213570457600,positive
569625739231948800,positive
568422177571258368,negative
570240524592017408,negative
570302532955844608,positive
568178665189711872,negative
569686237478572032,negative
568471651114811393,negative
569103475709054976,negative
569859950215700480,neutral
569173103009525760,negative
569626388610859008,negative
567950122245623808,negative
568058146729668608,positive
569279586921353216,negative
569642078990258176,neutral
570250617379168256,negative
569976030708047872,neutral
569968799576924160,negative
568616851531378688,positive
569924092280774656,neutral
569356085359996929,negative
568828648687591424,negative
568055537952284672,negative
570083898031513600,negative
569345693770502144,negative
569685606202093570,negative
569580648505020416,negative
569913149505163264,negative
569557964991930368,negative
569691609404706817,negative
569172065724428288,negative
570234625848696833,neutral
569656756764217345,negative
568107816923340800,negative
569717739113320448,negative
569864108134301697,negative
568644286306242561,neutral
568942578026086401,negative
568909613770211329,negative
567823045215313920,negative
567719957686136832,neutral
567754504817606656,positive
568652355346022400,negative
569549922569224192,negative
568510632930050048,positive
570064285860171776,negative
569644675352662016,negative
569714230842302464,negative
568735475847950336,neutral
569724186173640705,negative
568100987887427584,neutral
567812687893262336,negative
568883108377808896,negative
569588578159697920,negative
569190678758080512,negative
568057671443750912,negative
568883826333777920,negative
569945073611374592,neutral
567816155369570304,negative
569724056645140480,negative
568947313676148737,negative
568238379847921665,positive
569670407709544448,negative
569608734332162048,negative
569394015055040512,positive
570030173300658176,negative
570240647678050304,negative
570015794387685376,negative
569337605223006209,negative
569683111404908544,negative
569103591966793728,negative
569680231012773888,negative
568571900596772864,negative
569957675548721152,negative
570046633418891264,negative
570300177367633921,negative
569019132978405376,negative
569926659219922944,positive
568531076915662848,positive
569897798692286465,negative
567801519207374849,positive
570283544125288448,negative
569507649940799489,neutral
569709793000210432,negative
569719242427396096,negative
569879497891303424,neutral
569795913788428288,negative
570046710870728704,positive
568284515728302080,negative
569212457706782720,neutral
568904684561408000,negative
569158546404864001,negative
569942200735424512,negative
570295901555699712,positive
570261328511643648,negative
567771317705773056,negative
569602897572450305,negative
568903193930764288,negative
569992708447711232,negative
569273297491378176,neutral
568627064062009344,negative
567734795849834497,negative
570291817087930369,neutral
569232785786998785,negative
567789902633664512,negative
569763942144176128,negative
570044554130423808,negative
570304633048047616,negative
569591730506371072,neutral
567815252881977344,positive
569920508923215872,negative
569084344930676736,negative
569253270356664322,negative
568553610981740544,neutral
567772246060433408,negative
569883383930621952,positive
569926559982751744,neutral
569683366632493056,positive
569605710314668035,negative
567869962800472064,negative
570011533205336064,negative
568973634087165953,negative
569487121897033728,negative
569881123741937664,negative
569643210785497088,negative
569947367203450880,negative
570051731033235456,neutral
568358096290111489,positive
568830996365193216,negative
569491295766343681,negative
569938939122991104,neutral
568637541513089024,negative
570037998773018624,negative
568186573965172736,negative
570009856851222529,negative
570271248640401409,positive
569218838190907393,negative
567799259224940544,negative
569079956912758784,neutral
569960833884803072,neutral
570053482029277184,negative
567810274083782657,positive
569223781593403392,negative
568988406476189696,negative
568447216156692480,negative
570269976042573824,negative
568815263900180480,positive
567671602280923136,neutral
570043607954137090,negative
569641916855402496,negative
568414700326797312,negative
569507197052260354,negative
568026425535516674,negative
569685747080372224,negative
569983373378252800,negative
568480476803035137,negative
567768417038761987,neutral
567830991491997696,negative
567778921812389888,negative
570096856685871106,positive
569839377104285696,negative
569506217271427072,negative
569938880495026176,positive
568847612503334912,neutral
570093520909832192,negative
570058070224728064,negative
569716645150781440,negative
570215106426114048,negative
568024213753364480,negative
569667517146222592,positive
567728698900488192,neutral
569293537864499200,neutral
569641326536462336,negative
567862240419934208,neutral
570087510941962241,negative
568885007646740480,neutral
569228668918222849,neutral
567957027093245952,neutral
568885556718907392,negative
569228110937202688,neutral
568793575300796417,negative
569646886610702337,negative
569519860994203648,negative
568972783234912257,negative
567757771953561600,neutral
568888508703752194,neutral
569699965527666688,negative
569687399426617344,negative
569948686228295681,neutral
568738229274464256,positive
569596652622721024,negative
570180010125864960,negative
568561033641480192,positive
568887455044259842,negative
567886091975462912,negative
569872009380941825,negative
569260955953176578,negative
570044138302808064,neutral
569940582572945409,negative
568258545772335104,neutral
569615636869062659,negative
568086073814827008,negative
570295745921880064,positive
567780486978609152,positive
569429468781150208,negative
569017631602139137,negative
570256038206824448,negative
569261077877248000,negative
569929414491779072,neutral
569856081180160000,negative
568430867447549952,negative
567750136223518720,positive
570205604314255360,negative
568754053083222016,negative
569330095644659712,positive
569313112089886720,negative
568930740127326209,negative
569980771424976896,negative
568526809387544576,negative
569152332765667328,negative
569970599377788928,negative
568084948948684800,positive
568027403462651905,positive
569749896095358977,negative
567727403964055552,negative
569872132269682688,negative
569310913079214080,negative
568489413262610433,neutral
568948008160661504,negative
568049646062444544,negative
570156001485312000,negative
569979057028227072,neutral
569701189199089664,negative
570011803389788160,negative
569146084632760320,neutral
569136050951622656,negative
568976030947418112,negative
568764097015058432,negative
569257932908470273,negative
568435364349808640,negative
569668488408616960,negative
568176529584173056,negative
570284482588246016,neutral
568061117429231616,negative
569532793530785792,negative
569652058518908928,negative
568118442454355968,positive
568649837610037248,negative
567767997981671424,negative
568725453831315456,negative
569248084934443010,negative
568449164951953408,positive
568781747128803328,positive
568910590921609216,negative
569338800452669440,negative
569952376473300992,positive
569623415767871489,negative
568185516971204608,positive
569903056403505152,negative
569915248620150786,neutral
569468823625027586,negative
568778215671664640,negative
569526800767983616,negative
569853714149867521,negative
570299953286942721,positive
568979198007595008,negative
567988647263252480,positive
570237966355968001,negative
568489124098924546,negative
569203705750237184,negative
568082656413552640,negative
569695286907551745,negative
569607124772196352,neutral
569609971383586817,negative
569873050117808128,positive
569223788639821824,negative
567726138223771649,neutral
569777329330884608,negative
569693923183972352,negative
570075711433609216,neutral
568864796717805568,neutral
569688392553799680,negative
569257918815539200,negative
569625953602834433,negative
569890109803220993,negative
568983580585517056,positive
568592520659267584,negative
569632283046469634,negative
569293499968950272,negative
568115075266973696,positive
569253874445492225,neutral
569280553574277120,neutral
568812129308053504,negative
569552947903754240,negative
569985838689456128,negative
569961185107431425,neutral
569818121302896640,negative
568146952635854848,negative
570043390773084160,negative
568804026789138433,positive
568434004732416001,positive
569936062039986176,negative
568214796514004992,positive
569490420356374528,negative
568257392195936259,negative
568629979719675904,positive
569129269139537920,negative
569909711962640384,neutral
569678153783877634,negative
569116399039344640,negative
568577243200376833,positive
568039498015223808,negative
568774385965932545,negative
568949250152734720,negative
568596145456291840,negative
569664849522925569,negative
568190250377461760,negative
569983967467868161,negative
569857128988602368,negative
569881701247291393,negative
569387765957308416,negative
568055480226066434,negative
569168696083656705,negative
570291828349669378,neutral
569667688743763968,neutral
570270630660218881,neutral
570236221575704576,negative
570074886606958592,neutral
568850967673896960,negative
568206538147364864,negative
567778512548167680,neutral
570135205123530752,negative
569578297945919488,negative
567893201719156736,neutral
569564853460807680,negative
568208831030943744,negative
567771124235517952,negative
570300355843661824,negative
568977167410802688,negative
569620512139145216,negative
569682325778231297,negative
568170564289867776,negative
568426849040261120,negative
569200983173156864,negative
570012094570958850,positive
569165517614944256,negative
569913339427434496,neutral
568994622866915328,negative
569837650984751104,negative
569801303204851713,negative
570288667790594048,negative
568527605063757824,negative
569154129362186240,negative
570302023968694272,negative
569487598709817344,negative
569864290578108419,negative
568162505597566976,negative
568267340405542914,negative
567763529277923329,negative
568632557836865536,positive
568955324511563776,negative
569890099917246464,positive
569911528368926720,negative
569684917145223170,negative
569646144805953536,negative
568179117851578369,negative
570224421194964992,positive
569698519742861312,negative
569011846432366592,negative
568094319766147072,negative
569689184958595072,positive
567726092518031360,neutral
570164810144481280,neutral
568601527591440386,negative
570276917301137409,negative
570100233398571008,negative
569946477356818432,negative
567844852135645186,neutral
569852380327612416,negative
570075716861206528,negative
568974096161234946,positive
567732468657041408,negative
568806740227166208,negative
569483303067131905,negative
569626882053787649,negative
567894187900710912,positive
568225650760413184,neutral
569641841454239744,negative
568171538324840449,neutral
569348268154609664,positive
569565125344141312,positive
570166071640133632,negative
569628053648904195,negative
570276787063816192,neutral
568498076962451456,negative
570298371140939776,negative
568233937761230848,negative
569385784685363201,negative
570008958691364864,negative
569237160886276096,neutral
569881270987186176,negative
568548629973209089,negative
570267241046020096,positive
567742578561650688,negative
569538002025779200,neutral
569679210454724609,negative
569973352837853184,neutral
570151698489954304,negative
569937638674829313,negative
569372837854756864,negative
569366337929105408,negative
569372015980707840,negative
570239688755302401,negative
568618050745864192,negative
569631648674766848,negative
568929851379478529,negative
569557662997852160,negative
568253469129187328,negative
570042155634450433,negative
568485707993497603,negative
569908928667996160,negative
567703258425081857,negative
568604830291222530,negative
570286345454800896,negative
569675498873159680,negative
568533394402861056,negative
570267562623152128,negative
567734573464027136,positive
569889885651234816,negative
568621312622657536,neutral
568801535662166016,neutral
568852204750135296,neutral
567729414822449152,negative
568861568609456128,negative
569836467876470784,neutral
569349274049368064,negative
569858655086120961,negative
569896666465087488,negative
569703596914282496,negative
569386555107733505,negative
568091794304401409,positive
569171651381702657,negative
569219701001179138,negative
569984229393637377,neutral
569500867159699456,negative
570004771496714241,negative
568018287302447104,negative
569271561481531392,negative
568220464071356416,neutral
569957315568394242,negative
567679487383699456,negative
567779193342423040,negative
567745362727686145,negative
569946742277451776,negative
569028851860254720,negative
569343607326547968,negative
